Id,categoria,valore
1,A,622.6623813686036
2,B,127.25061667297219
3,C,146.88527598000263
4,D,517.3869831049927
5,E,500.8390040465063
6,F,923.602268829106
7,G,562.5304061840649
8,H,19.75847605160032
9,I,914.6361120493416